{"cameraMode":{"drawMode":0,"name":"Shaded","section":"Shading Mode"},"sceneLighting":true,"audioPlay":false,"sceneViewState":{"showFog":true,"showMaterialUpdate":false,"showSkybox":true,"showFlares":true,"showImageEffects":true,"showParticleSystems":true},"in2DMode":false,"pivot":{"x":0.14309421181678773,"y":2.783607006072998,"z":4.927120208740234},"rotation":{"x":-0.019489888101816179,"y":0.029989542439579965,"z":0.0005853759939782321,"w":0.9993627667427063},"size":7.462185859680176,"orthographic":false}